Workbook

Sheet Producto
A1: codigo | B1: nombre | C1: precio
A2: PR01 | B2: Laptop X | C2: 3500000
A3: PR02 | B3: Smartphone Z | C3: 1800000
A4: PR03 | B4: Tablet Pro | C4: 2200000
A5: PR04 | B5: Smartwatch Q | C5: 950000

Sheet Pedido
A1: codigo | B1: producto_codigo | C1: barrio_id | D1: direccion | E1: ciudad_origen
A2: PED01 | B2: PR01 | C2: B01 | D2: Calle 50 #45-20 | E2: Bogotá
A3: PED02 | B3: PR02 | C3: B03 | D3: Calle Alcalá 123 | E3: Medellín
A4: PED03 | B4: PR03 | C4: B02 | D4: Carrera 15 #90-10 | E4: Madrid
A5: PED04 | B5: PR04 | C5: B04 | D5: Avenida Central 45 | E5: Tokio

Sheet Continente
A1: codigo | B1: nombre | C1: descripcion
A2: C01 | B2: América | C2: Continente occidental
A3: C02 | B3: Europa | C3: Continente europeo
A4: C03 | B4: Asia | C4: Continente asiático
A5: C04 | B5: África | C5: Continente africano

Sheet Pais
A1: codigo | B1: nombre | C1: descripcion | D1: continente_id
A2: P01 | B2: Colombia | C2: País suramericano | D2: C01
A3: P02 | B3: España | C3: País europeo | D3: C02
A4: P03 | B4: Japón | C4: País asiático | D4: C03
A5: P04 | B5: Marruecos | C5: País africano | D5: C04

Sheet Departamento
A1: codigo | B1: nombre | C1: descripcion | D1: pais_id
A2: D01 | B2: Cundinamarca | C2: Departamento colombiano | D2: P01
A3: D02 | B3: Antioquia | C3: Departamento colombiano | D3: P01
A4: D03 | B4: Madrid | C4: Comunidad autónoma | D4: P02
A5: D04 | B5: Tokio | C5: Prefectura japonesa | D5: P03

Sheet Municipio
A1: codigo | B1: nombre | C1: descripcion | D1: departamento_id
A2: M01 | B2: Bogotá | C2: Capital de Colombia | D2: D01
A3: M02 | B3: Medellín | C3: Ciudad colombiana | D3: D02
A4: M03 | B4: Madrid | C4: Capital de España | D4: D03
A5: M04 | B5: Tokio | C5: Capital de Japón | D5: D04

Sheet Barrio
A1: codigo | B1: nombre | C1: descripcion | D1: municipio_id
A2: B01 | B2: Centro | C2: Zona central | D2: M02
A3: B02 | B3: Chapinero | C3: Zona comercial | D3: M01
A4: B03 | B4: Salamanca | C4: Barrio residencial | D4: M03
A5: B04 | B5: Shinjuku | C5: Distrito especial | D5: M04

Sheet Consultar
A1: Código Pedido | B1: Producto_codigo | C1: Producto | D1: Barrio | E1: Municipio | F1: Departamento | G1: País | H1: Continente | I1: Ciudad_origen | J1: Resultado
A2: PED01 | B2: =_xlfn.XLOOKUP(A2,Pedido!A:A,Pedido!B:B) -> PR01 | C2: =_xlfn.XLOOKUP( _xlfn.XLOOKUP(A2,Pedido!A:A,Pedido!B:B), Producto!A:A, Producto!B:B ) -> Laptop X | D2: =_xlfn.XLOOKUP( _xlfn.XLOOKUP(A2,Pedido!A:A,Pedido!C:C), Barrio!A:A, Barrio!B:B ) -> Centro | E2: =_xlfn.XLOOKUP( _xlfn.XLOOKUP( _xlfn.XLOOKUP(A2,Pedido!A:A,Pedido!C:C), Barrio!A:A, Barrio!D:D ), Municipio!A:A, Municipio!B:B ) -> Medellín | F2: =_xlfn.XLOOKUP( _xlfn.XLOOKUP( _xlfn.XLOOKUP( _xlfn.XLOOKUP(A2,Pedido!A:A,Pedido!C:C), Barrio!A:A, Barrio!D:D ), Municipio!A:A, Municipio!D:D ), Departamento!A:A, Departamento!B:B ) -> Antioquia | G2: =_xlfn.XLOOKUP( _xlfn.XLOOKUP( _xlfn.XLOOKUP( _xlfn.XLOOKUP( _xlfn.XLOOKUP(A2,Pedido!A:A,Pedido!C:C), Barrio!A:A, Barrio!D:D ), Municipio!A:A, Municipio!D:D ), Departamento!A:A, Departamento!D:D ), Pais!A:A, Pais!B:B ) -> Colombia | H2: =_xlfn.XLOOKUP( _xlfn.XLOOKUP( _xlfn.XLOOKUP( _xlfn.XLOOKUP( _xlfn.XLOOKUP( _xlfn.XLOOKUP(A2,Pedido!A:A,Pedido!C:C), Barrio!A:A, Barrio!D:D ), Municipio!A:A, Municipio!D:D ), Departamento!A:A, Departamento!D:D ), Pais!A:A, Pais!D:D ), Continente!A:A, Continente!B:B ) -> América | I2: =_xlfn.XLOOKUP(A2,Pedido!A:A,Pedido!E:E) -> Bogotá | J2: ="El producto " & B2 &" fue enviado desde " & H2 &" hacia el barrio "& C2 &", en " & D2 & " (" & F2 & ", " & G2 & ")." -> El producto PR01 fue enviado desde América hacia el barrio Laptop X, en Centro (Antioquia, Colombia).
A3: PED02 | B3: =_xlfn.XLOOKUP(A3,Pedido!A:A,Pedido!B:B) -> PR02 | C3: =_xlfn.XLOOKUP( _xlfn.XLOOKUP(A3,Pedido!A:A,Pedido!B:B), Producto!A:A, Producto!B:B ) -> Smartphone Z | D3: =_xlfn.XLOOKUP( _xlfn.XLOOKUP(A3,Pedido!A:A,Pedido!C:C), Barrio!A:A, Barrio!B:B ) -> Salamanca | E3: =_xlfn.XLOOKUP( _xlfn.XLOOKUP( _xlfn.XLOOKUP(A3,Pedido!A:A,Pedido!C:C), Barrio!A:A, Barrio!D:D ), Municipio!A:A, Municipio!B:B ) -> Madrid | F3: =_xlfn.XLOOKUP( _xlfn.XLOOKUP( _xlfn.XLOOKUP( _xlfn.XLOOKUP(A3,Pedido!A:A,Pedido!C:C), Barrio!A:A, Barrio!D:D ), Municipio!A:A, Municipio!D:D ), Departamento!A:A, Departamento!B:B ) -> Madrid | G3: =_xlfn.XLOOKUP( _xlfn.XLOOKUP( _xlfn.XLOOKUP( _xlfn.XLOOKUP( _xlfn.XLOOKUP(A3,Pedido!A:A,Pedido!C:C), Barrio!A:A, Barrio!D:D ), Municipio!A:A, Municipio!D:D ), Departamento!A:A, Departamento!D:D ), Pais!A:A, Pais!B:B ) -> España | H3: =_xlfn.XLOOKUP( _xlfn.XLOOKUP( _xlfn.XLOOKUP( _xlfn.XLOOKUP( _xlfn.XLOOKUP( _xlfn.XLOOKUP(A3,Pedido!A:A,Pedido!C:C), Barrio!A:A, Barrio!D:D ), Municipio!A:A, Municipio!D:D ), Departamento!A:A, Departamento!D:D ), Pais!A:A, Pais!D:D ), Continente!A:A, Continente!B:B ) -> Europa | I3: =_xlfn.XLOOKUP(A3,Pedido!A:A,Pedido!E:E) -> Medellín | J3: ="El producto " & B3 &" fue enviado desde " & H3 &" hacia el barrio "& C3 &", en " & D3 & " (" & F3 & ", " & G3 & ")." -> El producto PR02 fue enviado desde Europa hacia el barrio Smartphone Z, en Salamanca (Madrid, España).
A4: PED03 | B4: =_xlfn.XLOOKUP(A4,Pedido!A:A,Pedido!B:B) -> PR03 | C4: =_xlfn.XLOOKUP( _xlfn.XLOOKUP(A4,Pedido!A:A,Pedido!B:B), Producto!A:A, Producto!B:B ) -> Tablet Pro | D4: =_xlfn.XLOOKUP( _xlfn.XLOOKUP(A4,Pedido!A:A,Pedido!C:C), Barrio!A:A, Barrio!B:B ) -> Chapinero | E4: =_xlfn.XLOOKUP( _xlfn.XLOOKUP( _xlfn.XLOOKUP(A4,Pedido!A:A,Pedido!C:C), Barrio!A:A, Barrio!D:D ), Municipio!A:A, Municipio!B:B ) -> Bogotá | F4: =_xlfn.XLOOKUP( _xlfn.XLOOKUP( _xlfn.XLOOKUP( _xlfn.XLOOKUP(A4,Pedido!A:A,Pedido!C:C), Barrio!A:A, Barrio!D:D ), Municipio!A:A, Municipio!D:D ), Departamento!A:A, Departamento!B:B ) -> Cundinamarca | G4: =_xlfn.XLOOKUP( _xlfn.XLOOKUP( _xlfn.XLOOKUP( _xlfn.XLOOKUP( _xlfn.XLOOKUP(A4,Pedido!A:A,Pedido!C:C), Barrio!A:A, Barrio!D:D ), Municipio!A:A, Municipio!D:D ), Departamento!A:A, Departamento!D:D ), Pais!A:A, Pais!B:B ) -> Colombia | H4: =_xlfn.XLOOKUP( _xlfn.XLOOKUP( _xlfn.XLOOKUP( _xlfn.XLOOKUP( _xlfn.XLOOKUP( _xlfn.XLOOKUP(A4,Pedido!A:A,Pedido!C:C), Barrio!A:A, Barrio!D:D ), Municipio!A:A, Municipio!D:D ), Departamento!A:A, Departamento!D:D ), Pais!A:A, Pais!D:D ), Continente!A:A, Continente!B:B ) -> América | I4: =_xlfn.XLOOKUP(A4,Pedido!A:A,Pedido!E:E) -> Madrid | J4: ="El producto " & B4 &" fue enviado desde " & H4 &" hacia el barrio "& C4 &", en " & D4 & " (" & F4 & ", " & G4 & ")." -> El producto PR03 fue enviado desde América hacia el barrio Tablet Pro, en Chapinero (Cundinamarca, Colombia).
A5: PED04 | B5: =_xlfn.XLOOKUP(A5,Pedido!A:A,Pedido!B:B) -> PR04 | C5: =_xlfn.XLOOKUP( _xlfn.XLOOKUP(A5,Pedido!A:A,Pedido!B:B), Producto!A:A, Producto!B:B ) -> Smartwatch Q | D5: =_xlfn.XLOOKUP( _xlfn.XLOOKUP(A5,Pedido!A:A,Pedido!C:C), Barrio!A:A, Barrio!B:B ) -> Shinjuku | E5: =_xlfn.XLOOKUP( _xlfn.XLOOKUP( _xlfn.XLOOKUP(A5,Pedido!A:A,Pedido!C:C), Barrio!A:A, Barrio!D:D ), Municipio!A:A, Municipio!B:B ) -> Tokio | F5: =_xlfn.XLOOKUP( _xlfn.XLOOKUP( _xlfn.XLOOKUP( _xlfn.XLOOKUP(A5,Pedido!A:A,Pedido!C:C), Barrio!A:A, Barrio!D:D ), Municipio!A:A, Municipio!D:D ), Departamento!A:A, Departamento!B:B ) -> Tokio | G5: =_xlfn.XLOOKUP( _xlfn.XLOOKUP( _xlfn.XLOOKUP( _xlfn.XLOOKUP( _xlfn.XLOOKUP(A5,Pedido!A:A,Pedido!C:C), Barrio!A:A, Barrio!D:D ), Municipio!A:A, Municipio!D:D ), Departamento!A:A, Departamento!D:D ), Pais!A:A, Pais!B:B ) -> Japón | H5: =_xlfn.XLOOKUP( _xlfn.XLOOKUP( _xlfn.XLOOKUP( _xlfn.XLOOKUP( _xlfn.XLOOKUP( _xlfn.XLOOKUP(A5,Pedido!A:A,Pedido!C:C), Barrio!A:A, Barrio!D:D ), Municipio!A:A, Municipio!D:D ), Departamento!A:A, Departamento!D:D ), Pais!A:A, Pais!D:D ), Continente!A:A, Continente!B:B ) -> Asia | I5: =_xlfn.XLOOKUP(A5,Pedido!A:A,Pedido!E:E) -> Tokio | J5: ="El producto " & B5 &" fue enviado desde " & H5 &" hacia el barrio "& C5 &", en " & D5 & " (" & F5 & ", " & G5 & ")." -> El producto PR04 fue enviado desde Asia hacia el barrio Smartwatch Q, en Shinjuku (Tokio, Japón).

Sheet Profesional
A1: Código_pedido | B1: Producto_código | C1: Producto | D1: Barrio_código | E1: Barrio | F1: Municipio_código | G1: Municipio | H1: Departamento_código | I1: Departamento | J1: País_código | K1: País | L1: Continente_código | M1: Continente | N1: Ciudad_origen | O1: Resultado
A2: PED01 | B2: =_xlfn.XLOOKUP(A2,Pedido!A:A,Pedido!B:B) -> PR01 | C2: =_xlfn.XLOOKUP(B2,Producto!A:A,Producto!B:B) -> Laptop X | D2: =_xlfn.XLOOKUP(A2,Pedido!A:A,Pedido!C:C) -> B01 | E2: =_xlfn.XLOOKUP(D2,Barrio!A:A,Barrio!B:B) -> Centro | F2: =_xlfn.XLOOKUP(D2,Barrio!A:A,Barrio!D:D) -> M02 | G2: =_xlfn.XLOOKUP(F2,Municipio!A:A,Municipio!B:B) -> Medellín | H2: =_xlfn.XLOOKUP(F2,Municipio!A:A,Municipio!D:D) -> D02 | I2: =_xlfn.XLOOKUP(H2,Departamento!A:A,Departamento!B:B) -> Antioquia | J2: =_xlfn.XLOOKUP(H2,Departamento!A:A,Departamento!D:D) -> P01 | K2: =_xlfn.XLOOKUP(J2,Pais!A:A,Pais!B:B) -> Colombia | L2: =_xlfn.XLOOKUP(J2,Pais!A:A,Pais!D:D) -> C01 | M2: =_xlfn.XLOOKUP(L2,Continente!A:A,Continente!B:B) -> América | N2: =_xlfn.XLOOKUP(A2,Pedido!A:A,Pedido!E:E) -> Bogotá | O2: ="El producto " & C2 &" fue enviado desde " & N2 &" hacia el barrio " & E2 &", en " & G2 &" (" & K2 & ", " & M2 & ")." -> El producto Laptop X fue enviado desde Bogotá hacia el barrio Centro, en Medellín (Colombia, América).
A3: PED02 | B3: =_xlfn.XLOOKUP(A3,Pedido!A:A,Pedido!B:B) -> PR02 | C3: =_xlfn.XLOOKUP(B3,Producto!A:A,Producto!B:B) -> Smartphone Z | D3: =_xlfn.XLOOKUP(A3,Pedido!A:A,Pedido!C:C) -> B03 | E3: =_xlfn.XLOOKUP(D3,Barrio!A:A,Barrio!B:B) -> Salamanca | F3: =_xlfn.XLOOKUP(D3,Barrio!A:A,Barrio!D:D) -> M03 | G3: =_xlfn.XLOOKUP(F3,Municipio!A:A,Municipio!B:B) -> Madrid | H3: =_xlfn.XLOOKUP(F3,Municipio!A:A,Municipio!D:D) -> D03 | I3: =_xlfn.XLOOKUP(H3,Departamento!A:A,Departamento!B:B) -> Madrid | J3: =_xlfn.XLOOKUP(H3,Departamento!A:A,Departamento!D:D) -> P02 | K3: =_xlfn.XLOOKUP(J3,Pais!A:A,Pais!B:B) -> España | L3: =_xlfn.XLOOKUP(J3,Pais!A:A,Pais!D:D) -> C02 | M3: =_xlfn.XLOOKUP(L3,Continente!A:A,Continente!B:B) -> Europa | N3: =_xlfn.XLOOKUP(A3,Pedido!A:A,Pedido!E:E) -> Medellín | O3: ="El producto " & C3 &" fue enviado desde " & N3 &" hacia el barrio " & E3 &", en " & G3 &" (" & K3 & ", " & M3 & ")." -> El producto Smartphone Z fue enviado desde Medellín hacia el barrio Salamanca, en Madrid (España, Europa).
A4: PED03 | B4: =_xlfn.XLOOKUP(A4,Pedido!A:A,Pedido!B:B) -> PR03 | C4: =_xlfn.XLOOKUP(B4,Producto!A:A,Producto!B:B) -> Tablet Pro | D4: =_xlfn.XLOOKUP(A4,Pedido!A:A,Pedido!C:C) -> B02 | E4: =_xlfn.XLOOKUP(D4,Barrio!A:A,Barrio!B:B) -> Chapinero | F4: =_xlfn.XLOOKUP(D4,Barrio!A:A,Barrio!D:D) -> M01 | G4: =_xlfn.XLOOKUP(F4,Municipio!A:A,Municipio!B:B) -> Bogotá | H4: =_xlfn.XLOOKUP(F4,Municipio!A:A,Municipio!D:D) -> D01 | I4: =_xlfn.XLOOKUP(H4,Departamento!A:A,Departamento!B:B) -> Cundinamarca | J4: =_xlfn.XLOOKUP(H4,Departamento!A:A,Departamento!D:D) -> P01 | K4: =_xlfn.XLOOKUP(J4,Pais!A:A,Pais!B:B) -> Colombia | L4: =_xlfn.XLOOKUP(J4,Pais!A:A,Pais!D:D) -> C01 | M4: =_xlfn.XLOOKUP(L4,Continente!A:A,Continente!B:B) -> América | N4: =_xlfn.XLOOKUP(A4,Pedido!A:A,Pedido!E:E) -> Madrid | O4: ="El producto " & C4 &" fue enviado desde " & N4 &" hacia el barrio " & E4 &", en " & G4 &" (" & K4 & ", " & M4 & ")." -> El producto Tablet Pro fue enviado desde Madrid hacia el barrio Chapinero, en Bogotá (Colombia, América).
A5: PED04 | B5: =_xlfn.XLOOKUP(A5,Pedido!A:A,Pedido!B:B) -> PR04 | C5: =_xlfn.XLOOKUP(B5,Producto!A:A,Producto!B:B) -> Smartwatch Q | D5: =_xlfn.XLOOKUP(A5,Pedido!A:A,Pedido!C:C) -> B04 | E5: =_xlfn.XLOOKUP(D5,Barrio!A:A,Barrio!B:B) -> Shinjuku | F5: =_xlfn.XLOOKUP(D5,Barrio!A:A,Barrio!D:D) -> M04 | G5: =_xlfn.XLOOKUP(F5,Municipio!A:A,Municipio!B:B) -> Tokio | H5: =_xlfn.XLOOKUP(F5,Municipio!A:A,Municipio!D:D) -> D04 | I5: =_xlfn.XLOOKUP(H5,Departamento!A:A,Departamento!B:B) -> Tokio | J5: =_xlfn.XLOOKUP(H5,Departamento!A:A,Departamento!D:D) -> P03 | K5: =_xlfn.XLOOKUP(J5,Pais!A:A,Pais!B:B) -> Japón | L5: =_xlfn.XLOOKUP(J5,Pais!A:A,Pais!D:D) -> C03 | M5: =_xlfn.XLOOKUP(L5,Continente!A:A,Continente!B:B) -> Asia | N5: =_xlfn.XLOOKUP(A5,Pedido!A:A,Pedido!E:E) -> Tokio | O5: ="El producto " & C5 &" fue enviado desde " & N5 &" hacia el barrio " & E5 &", en " & G5 &" (" & K5 & ", " & M5 & ")." -> El producto Smartwatch Q fue enviado desde Tokio hacia el barrio Shinjuku, en Tokio (Japón, Asia).
